Country,Album Title,Number Sold
USA,"The Office, Season 3",14
Canada,Arquivo II,9
Ireland,"Lost, Season 2",7
France,Minha Historia,7
Brazil,Use Your Illusion I,7
India,Up An' Atom,6
United Kingdom,No Prayer For The Dying,5
Spain,My Generation - The Very Best Of The Who,5
Germany,Djavan Ao Vivo - Vol. 1,5
Finland,Greatest Kiss,5
Czech Republic,Prenda Minha,5
Sweden,Volume Dois,4
Portugal,Raul Seixas,4
Poland,Rattle And Hum,4
Norway,For Those About To Rock We Salute You,4
Netherlands,In Step,4
Italy,Acústico,4
Hungary,Pop,4
Denmark,"Chronicle, Vol. 1",4
Belgium,Big Ones,4
Austria,My Generation - The Very Best Of The Who,4
Australia,The X Factor,4
Argentina,Acústico,4
Chile,"Battlestar Galactica, Season 3",3
